place_id,name,address,lat,lng,rating,rating_total,zipcode,weekday,Total Business Hour
ChIJAQAAwJu1RIYR0Uxbdso1umU,Gregory Gymnasium,"2101 Speedway, Austin, TX 78712, United States",30.2843488,-97.7367912,4.5,514.0,78712,"['Monday: 6:00\u202fAM\u2009\u200912:00\u202fAM', 'Tuesday: 6:00\u202fAM\u2009\u200912:00\u202fAM', 'Wednesday: 6:00\u202fAM\u2009\u200912:00\u202fAM', 'Thursday: 6:00\u202fAM\u2009\u200912:00\u202fAM', 'Friday: 6:00\u202fAM\u2009\u200910:00\u202fPM', 'Saturday: 8:00\u202fAM\u2009\u200910:00\u202fPM', 'Sunday: 10:00\u202fAM\u2009\u200912:00\u202fAM']",56.0
ChIJ4aq1e0LKRIYRd56yP_QSr9k,Travis County Strength,"4507 Airport Blvd, Austin, TX 78751, United States",30.3033254,-97.7156821,4.9,67.0,78751,"['Monday: 5:30\u202fAM\u2009\u20098:00\u202fPM', 'Tuesday: 5:30\u202fAM\u2009\u20098:00\u202fPM', 'Wednesday: 5:30\u202fAM\u2009\u20098:00\u202fPM', 'Thursday: 5:30\u202fAM\u2009\u20098:00\u202fPM', 'Friday: 5:30\u202fAM\u2009\u20098:00\u202fPM', 'Saturday: 7:00\u202fAM\u2009\u200912:00\u202fPM', 'Sunday: Closed']",89.5
ChIJvyvUp3_KRIYRT6unaEHNPMU,Anytime Fitness,"3407 Guadalupe St, Austin, TX 78705, United States",30.3005891,-97.7392142,4.1,96.0,78705,"['Monday: Open 24 hours', 'Tuesday: Open 24 hours', 'Wednesday: Open 24 hours', 'Thursday: Open 24 hours', 'Friday: Open 24 hours', 'Saturday: Open 24 hours', 'Sunday: Open 24 hours']",168.0
ChIJGz-OvHK1RIYRGENTa5vNjeg,Castle Hill Fitness Gym & Spa,"1112 N Lamar Blvd, Austin, TX 78703, United States",30.2765897,-97.7518825,4.7,56.0,78703,"['Monday: 5:30\u202fAM\u2009\u200910:00\u202fPM', 'Tuesday: 5:30\u202fAM\u2009\u200910:00\u202fPM', 'Wednesday: 5:30\u202fAM\u2009\u200910:00\u202fPM', 'Thursday: 5:30\u202fAM\u2009\u200910:00\u202fPM', 'Friday: 5:30\u202fAM\u2009\u20097:00\u202fPM', 'Saturday: 8:00\u202fAM\u2009\u20097:00\u202fPM', 'Sunday: 8:00\u202fAM\u2009\u20097:00\u202fPM']",101.5
ChIJxTigl3vKRIYRTVjlTFHChPo,Hyde Park Gym,"4125 Guadalupe St, Austin, TX 78751, United States",30.307163,-97.7351586,4.8,121.0,78751,"['Monday: 6:00\u202fAM\u2009\u20099:00\u202fPM', 'Tuesday: 6:00\u202fAM\u2009\u20099:00\u202fPM', 'Wednesday: 6:00\u202fAM\u2009\u20099:00\u202fPM', 'Thursday: 6:00\u202fAM\u2009\u20099:00\u202fPM', 'Friday: 6:00\u202fAM\u2009\u20099:00\u202fPM', 'Saturday: 7:00\u202fAM\u2009\u20097:00\u202fPM', 'Sunday: 8:00\u202fAM\u2009\u20097:00\u202fPM']",98.0
ChIJrZF1ZKfORIYRuLjBoXzBtRA,Big Tex Gym,"1921 Cedar Bend Dr A 130, Austin, TX 78758, United States",30.40757559999999,-97.6981419,4.8,226.0,78758,"['Monday: 7:00\u202fAM\u2009\u20099:00\u202fPM', 'Tuesday: 7:00\u202fAM\u2009\u20099:00\u202fPM', 'Wednesday: 7:00\u202fAM\u2009\u20099:00\u202fPM', 'Thursday: 7:00\u202fAM\u2009\u20099:00\u202fPM', 'Friday: 7:00\u202fAM\u2009\u20099:00\u202fPM', 'Saturday: 9:00\u202fAM\u2009\u20093:00\u202fPM', 'Sunday: 11:00\u202fAM\u2009\u20094:00\u202fPM']",81.0
ChIJV6sUakxLW4YR_MeTUOXGKs0,FeV Iron Vault Gym,"2101 W. Ben White BLVD #105 Back of building facing, Redd St, Austin, TX 78704, United States",30.2296924,-97.7913436,5.0,86.0,78704,"['Monday: 7:00\u202fAM\u2009\u20098:00\u202fPM', 'Tuesday: 7:00\u202fAM\u2009\u20098:00\u202fPM', 'Wednesday: 7:00\u202fAM\u2009\u20098:00\u202fPM', 'Thursday: 7:00\u202fAM\u2009\u20098:00\u202fPM', 'Friday: 7:00\u202fAM\u2009\u20098:00\u202fPM', 'Saturday: 9:00\u202fAM\u2009\u20094:00\u202fPM', 'Sunday: 9:00\u202fAM\u2009\u20094:00\u202fPM']",79.0
ChIJ632GnaDKRIYRjzviqbOm73I,R Fitness,"2425 Exposition Blvd suite e-1, Austin, TX 78703, United States",30.2973428,-97.7670376,4.9,39.0,78703,"['Monday: 11:45\u202fAM\u2009\u20097:30\u202fPM', 'Tuesday: 5:45\u202fAM\u2009\u20097:30\u202fPM', 'Wednesday: 6:15\u202fAM\u2009\u20097:30\u202fPM', 'Thursday: 5:45\u202fAM\u2009\u20097:30\u202fPM', 'Friday: 6:15\u202fAM\u2009\u20091:00\u202fPM', 'Saturday: 8:00\u202fAM\u2009\u200912:00\u202fPM', 'Sunday: 9:15\u202fAM\u2009\u20091:00\u202fPM']",75.0
ChIJf4Ny_n2zRIYRNh3Pr7hx3BY,"Onnit Gym - Austin, TX","4401 Freidrich Ln #301, Austin, TX 78744, United States",30.2066449,-97.7477931,4.9,191.0,78744,"['Monday: 6:00\u202fAM\u2009\u20098:00\u202fPM', 'Tuesday: 6:00\u202fAM\u2009\u20096:00\u202fPM', 'Wednesday: 6:00\u202fAM\u2009\u20098:00\u202fPM', 'Thursday: 6:00\u202fAM\u2009\u20096:00\u202fPM', 'Friday: 6:00\u202fAM\u2009\u20097:00\u202fPM', 'Saturday: 9:00\u202fAM\u2009\u20092:00\u202fPM', 'Sunday: 9:00\u202fAM\u2009\u20092:00\u202fPM']",75.0
ChIJn3xLEam1RIYRVaWzwE6tyfY,East Austin Athletic Club,"4909 E Cesar Chavez St suite c, Austin, TX 78702, United States",30.2512094,-97.7012831,4.8,86.0,78702,"['Monday: 5:30\u2009\u20099:00\u202fAM, 11:00\u202fAM\u2009\u20091:00\u202fPM, 3:30\u2009\u20097:00\u202fPM', 'Tuesday: 5:30\u2009\u20099:00\u202fAM, 11:00\u202fAM\u2009\u20091:00\u202fPM, 3:30\u2009\u20097:00\u202fPM', 'Wednesday: 5:30\u2009\u20099:00\u202fAM, 11:00\u202fAM\u2009\u20091:00\u202fPM, 3:30\u2009\u20097:00\u202fPM', 'Thursday: 5:30\u2009\u20099:00\u202fAM, 11:00\u202fAM\u2009\u20091:00\u202fPM, 3:30\u2009\u20097:00\u202fPM', 'Friday: 6:00\u2009\u20099:00\u202fAM, 11:00\u202fAM\u2009\u20091:00\u202fPM, 3:00\u2009\u20096:00\u202fPM', 'Saturday: 8:00\u202fAM\u2009\u200912:00\u202fPM', 'Sunday: 10:00\u202fAM\u2009\u200912:00\u202fPM']",74.0
ChIJ3QD4i0C0RIYR5TiI8PmmL_A,Planet Fitness,"1819 S Pleasant Valley Rd, Austin, TX 78741, United States",30.234439,-97.720768,4.3,817.0,78741,"['Monday: Open 24 hours', 'Tuesday: Open 24 hours', 'Wednesday: Open 24 hours', 'Thursday: Open 24 hours', 'Friday: Open 24 hours', 'Saturday: Open 24 hours', 'Sunday: Open 24 hours']",168.0
ChIJaQRnIFm1RIYRmnphA-DwzGk,Barry's Austin,"408 W 2nd St, Austin, TX 78701, United States",30.265561,-97.7479137,4.7,43.0,78701,"['Monday: 6:00\u202fAM\u2009\u20098:00\u202fPM', 'Tuesday: 6:00\u202fAM\u2009\u20098:00\u202fPM', 'Wednesday: 6:00\u202fAM\u2009\u20098:00\u202fPM', 'Thursday: 6:00\u202fAM\u2009\u20098:00\u202fPM', 'Friday: 6:00\u202fAM\u2009\u20098:00\u202fPM', 'Saturday: 7:00\u202fAM\u2009\u20092:00\u202fPM', 'Sunday: 8:00\u202fAM\u2009\u20093:00\u202fPM']",84.0
ChIJ67fKLcW3RIYR-vOCNhTncE0,Lift ATX,"1005 Springdale Rd Unit 3, Austin, TX 78721, United States",30.2653422,-97.6944526,4.7,91.0,78721,"['Monday: 5:00\u202fAM\u2009\u200910:00\u202fPM', 'Tuesday: 5:00\u202fAM\u2009\u200910:00\u202fPM', 'Wednesday: 5:00\u202fAM\u2009\u200910:00\u202fPM', 'Thursday: 5:00\u202fAM\u2009\u200910:00\u202fPM', 'Friday: 5:00\u202fAM\u2009\u200910:00\u202fPM', 'Saturday: 7:00\u202fAM\u2009\u20096:00\u202fPM', 'Sunday: 8:00\u202fAM\u2009\u20095:00\u202fPM']",105.0
ChIJ2Xj42hG1RIYRDjhdHZglX0k,ADAPT Fitness,"211 Walter Seaholm Drive, UG-100, Austin, TX 78701, United States",30.267489,-97.752658,5.0,28.0,78701,"['Monday: 6:30\u202fAM\u2009\u20097:30\u202fPM', 'Tuesday: 6:30\u202fAM\u2009\u20097:30\u202fPM', 'Wednesday: 6:30\u202fAM\u2009\u20097:30\u202fPM', 'Thursday: 6:30\u202fAM\u2009\u20097:30\u202fPM', 'Friday: 6:30\u202fAM\u2009\u20097:30\u202fPM', 'Saturday: Closed', 'Sunday: Closed']",65.0
ChIJCRvzjZm1RIYRcJ9FjtmT0fo,Recreational Sports Center,"2001 San Jacinto Blvd, Austin, TX 78712, United States",30.2814789,-97.732908,4.6,41.0,78712,"['Monday: 6:00\u202fAM\u2009\u200911:00\u202fPM', 'Tuesday: 6:00\u202fAM\u2009\u200911:00\u202fPM', 'Wednesday: 6:00\u202fAM\u2009\u200911:00\u202fPM', 'Thursday: 6:00\u202fAM\u2009\u200911:00\u202fPM', 'Friday: 6:00\u202fAM\u2009\u20098:00\u202fPM', 'Saturday: 8:00\u202fAM\u2009\u20098:00\u202fPM', 'Sunday: 10:00\u202fAM\u2009\u200911:00\u202fPM']",107.0
ChIJQ7j2YQe1RIYRuurPrEGJdWM,R Fitness,"74 Trinity St, Austin, TX 78701, United States",30.260628,-97.741897,4.7,22.0,78701,"['Monday: 6:00\u2009\u20098:15\u202fAM, 5:15\u2009\u20097:30\u202fPM', 'Tuesday: Closed', 'Wednesday: 6:00\u2009\u20098:15\u202fAM, 5:15\u2009\u20097:30\u202fPM', 'Thursday: Closed', 'Friday: 6:00\u2009\u20098:15\u202fAM', 'Saturday: 7:45\u2009\u200911:00\u202fAM', 'Sunday: 8:15\u2009\u200911:45\u202fAM']",18.0
ChIJH8WQ1_i1RIYRvAAnyn0hNEo,Orangetheory Fitness,"1911 Aldrich St #175, Austin, TX 78723, United States",30.2988995,-97.7043597,4.7,165.0,78723,"['Monday: 5:00\u202fAM\u2009\u20098:00\u202fPM', 'Tuesday: 5:00\u202fAM\u2009\u20098:00\u202fPM', 'Wednesday: 5:00\u202fAM\u2009\u20098:00\u202fPM', 'Thursday: 5:00\u202fAM\u2009\u20098:00\u202fPM', 'Friday: 5:00\u202fAM\u2009\u20096:00\u202fPM', 'Saturday: 7:00\u202fAM\u2009\u20092:00\u202fPM', 'Sunday: 7:00\u202fAM\u2009\u20092:00\u202fPM']",87.0
ChIJOadXfVm1RIYR14nZsvZcSyE,Sculpt Physique Fitness,"1717 W 6th St Bldg 2 Suite 110R, Austin, TX 78703, United States",30.276439,-97.7660313,4.9,34.0,78703,"['Monday: 5:30\u202fAM\u2009\u20097:30\u202fPM', 'Tuesday: 5:30\u202fAM\u2009\u20098:15\u202fPM', 'Wednesday: 5:30\u202fAM\u2009\u20097:30\u202fPM', 'Thursday: 5:30\u202fAM\u2009\u20096:45\u202fPM', 'Friday: 5:30\u202fAM\u2009\u20096:30\u202fPM', 'Saturday: 8:15\u2009\u200911:45\u202fAM', 'Sunday: 7:30\u2009\u200911:00\u202fAM']",76.0
ChIJw1zenIq1RIYRLJTo_ZFw4-I,24 Hour Fitness,"1000 E 41st St, Austin, TX 78751, United States",30.301343,-97.7203279,3.6,240.0,78751,"['Monday: Open 24 hours', 'Tuesday: Open 24 hours', 'Wednesday: Open 24 hours', 'Thursday: Open 24 hours', 'Friday: Open 24 hours', 'Saturday: Open 24 hours', 'Sunday: Open 24 hours']",168.0
ChIJmdm_YCjLRIYRPl7c-OrLBRc,HIT Athletic,"7797 Burnet Rd, Austin, TX 78757, United States",30.3536729,-97.7306642,4.9,55.0,78757,"['Monday: 5:30\u202fAM\u2009\u20099:00\u202fPM', 'Tuesday: 5:30\u202fAM\u2009\u20099:00\u202fPM', 'Wednesday: 5:30\u202fAM\u2009\u20099:00\u202fPM', 'Thursday: 5:30\u202fAM\u2009\u20099:00\u202fPM', 'Friday: 5:30\u202fAM\u2009\u20097:00\u202fPM', 'Saturday: 7:00\u202fAM\u2009\u20091:00\u202fPM', 'Sunday: 8:30\u202fAM\u2009\u20092:00\u202fPM']",87.0
ChIJWUhOtqi1RIYR5mxo3OlS1LE,Central Athlete,"1023 Springdale Rd building 9b, Austin, TX 78721, United States",30.2669122,-97.6927887,5.0,30.0,78721,"['Monday: 5:00\u202fAM\u2009\u200910:00\u202fPM', 'Tuesday: 5:00\u202fAM\u2009\u200910:00\u202fPM', 'Wednesday: 5:00\u202fAM\u2009\u200910:00\u202fPM', 'Thursday: 5:00\u202fAM\u2009\u200910:00\u202fPM', 'Friday: 5:00\u202fAM\u2009\u200910:00\u202fPM', 'Saturday: 5:00\u202fAM\u2009\u200910:00\u202fPM', 'Sunday: 5:00\u202fAM\u2009\u200910:00\u202fPM']",119.0
ChIJMUq-wAq1RIYRGFv2zSSc3oA,Orangetheory Fitness,"401 W 3rd St, Austin, TX 78701, United States",30.2661236,-97.7477057,4.9,126.0,78701,"['Monday: 5:00\u202fAM\u2009\u20098:00\u202fPM', 'Tuesday: 5:00\u202fAM\u2009\u20098:00\u202fPM', 'Wednesday: 5:00\u202fAM\u2009\u20098:00\u202fPM', 'Thursday: 5:00\u202fAM\u2009\u20098:00\u202fPM', 'Friday: 5:00\u202fAM\u2009\u20096:00\u202fPM', 'Saturday: 7:00\u202fAM\u2009\u20092:00\u202fPM', 'Sunday: 7:00\u202fAM\u2009\u20092:00\u202fPM']",87.0
ChIJZW7ZF7w0W4YR6xDqTgygRtw,Anytime Fitness,"7300 Fm 2222 #208, Austin, TX 78730, United States",30.3719319,-97.8020059,4.1,33.0,78730,"['Monday: Open 24 hours', 'Tuesday: Open 24 hours', 'Wednesday: Open 24 hours', 'Thursday: Open 24 hours', 'Friday: Open 24 hours', 'Saturday: Open 24 hours', 'Sunday: Open 24 hours']",168.0
ChIJO2DDHBK1RIYRdJxB2BxVCCg,Life Time,"907 W 5th St, Austin, TX 78703, United States",30.269586,-97.7538086,4.1,128.0,78703,"['Monday: 5:00\u202fAM\u2009\u200910:00\u202fPM', 'Tuesday: 5:00\u202fAM\u2009\u200910:00\u202fPM', 'Wednesday: 5:00\u202fAM\u2009\u200910:00\u202fPM', 'Thursday: 5:00\u202fAM\u2009\u200910:00\u202fPM', 'Friday: 5:00\u202fAM\u2009\u200910:00\u202fPM', 'Saturday: 6:00\u202fAM\u2009\u20097:00\u202fPM', 'Sunday: 6:00\u202fAM\u2009\u20097:00\u202fPM']",111.0
ChIJ80i_rdO0RIYRjCZLgstsFqU,FIT Austin,"2919 Menchaca Rd #200, Austin, TX 78704, United States",30.2420288,-97.7813856,4.9,51.0,78704,"['Monday: 6:00\u202fAM\u2009\u20091:00\u202fPM, 6:00\u2009\u20097:00\u202fPM', 'Tuesday: 5:00\u202fAM\u2009\u20091:00\u202fPM, 6:00\u2009\u20097:00\u202fPM', 'Wednesday: 6:00\u202fAM\u2009\u20091:00\u202fPM, 6:00\u2009\u20097:00\u202fPM', 'Thursday: 6:00\u202fAM\u2009\u20091:00\u202fPM, 6:00\u2009\u20097:00\u202fPM', 'Friday: 6:00\u202fAM\u2009\u20091:00\u202fPM', 'Saturday: 8:00\u2009\u200911:00\u202fAM', 'Sunday: 9:00\u2009\u200910:00\u202fAM']",44.0
ChIJ3UKQkOUzW4YR89KDbAW-ioM,Orangetheory Fitness,"7301 N FM 620 #175, Austin, TX 78730, United States",30.4054479,-97.8509827,4.7,54.0,78730,"['Monday: 5:00\u202fAM\u2009\u20098:00\u202fPM', 'Tuesday: 5:00\u202fAM\u2009\u20098:00\u202fPM', 'Wednesday: 5:00\u202fAM\u2009\u20098:00\u202fPM', 'Thursday: 5:00\u202fAM\u2009\u20098:00\u202fPM', 'Friday: 5:00\u202fAM\u2009\u20098:00\u202fPM', 'Saturday: 7:00\u202fAM\u2009\u20092:00\u202fPM', 'Sunday: 7:00\u202fAM\u2009\u20092:00\u202fPM']",89.0
ChIJWRcrBSPKRIYRC_Ly7M4bU30,Gold's Gym Austin Highland,"6001 Middle Fiskville Rd #100, Austin, TX 78752, United States",30.3226436,-97.7093814,3.9,455.0,78752,"['Monday: 5:00\u202fAM\u2009\u200911:00\u202fPM', 'Tuesday: 5:00\u202fAM\u2009\u200911:00\u202fPM', 'Wednesday: 5:00\u202fAM\u2009\u200911:00\u202fPM', 'Thursday: 5:00\u202fAM\u2009\u200911:00\u202fPM', 'Friday: 5:00\u202fAM\u2009\u200911:00\u202fPM', 'Saturday: 7:00\u202fAM\u2009\u20099:00\u202fPM', 'Sunday: 7:00\u202fAM\u2009\u20099:00\u202fPM']",118.0
ChIJz2pwmO61RIYR_pND8CYKXMw,Dane's Body Shop - Manor Road,"2701 Manor Rd, Austin, TX 78722, United States",30.2847835,-97.7140029,4.9,22.0,78722,"['Monday: 5:30\u202fAM\u2009\u20098:00\u202fPM', 'Tuesday: 6:30\u202fAM\u2009\u20098:00\u202fPM', 'Wednesday: 5:30\u202fAM\u2009\u20098:00\u202fPM', 'Thursday: 6:30\u202fAM\u2009\u20098:00\u202fPM', 'Friday: 5:30\u202fAM\u2009\u20097:00\u202fPM', 'Saturday: 9:00\u202fAM\u2009\u200912:30\u202fPM', 'Sunday: Closed']",85.0
ChIJfadJcDFLW4YRTXGMvist_y8,LA Fitness,"4001 S Lamar Blvd, Austin, TX 78704, United States",30.2348134,-97.7917649,4.0,735.0,78704,"['Monday: 5:00\u202fAM\u2009\u200911:00\u202fPM', 'Tuesday: 5:00\u202fAM\u2009\u200911:00\u202fPM', 'Wednesday: 5:00\u202fAM\u2009\u200911:00\u202fPM', 'Thursday: 5:00\u202fAM\u2009\u200911:00\u202fPM', 'Friday: 5:00\u202fAM\u2009\u200910:00\u202fPM', 'Saturday: 8:00\u202fAM\u2009\u20098:00\u202fPM', 'Sunday: 8:00\u202fAM\u2009\u20098:00\u202fPM']",113.0
ChIJE2VB64HKRIYRHq6eDF0RwCU,Austin Simply Fit,"4912 Burnet Rd, Austin, TX 78756, United States",30.3206792,-97.7396467,5.0,305.0,78756,"['Monday: 5:00\u202fAM\u2009\u20098:00\u202fPM', 'Tuesday: 5:00\u202fAM\u2009\u20098:00\u202fPM', 'Wednesday: 5:00\u202fAM\u2009\u20098:00\u202fPM', 'Thursday: 5:00\u202fAM\u2009\u20098:00\u202fPM', 'Friday: 5:00\u202fAM\u2009\u20098:00\u202fPM', 'Saturday: 7:30\u202fAM\u2009\u20091:00\u202fPM', 'Sunday: 10:00\u202fAM\u2009\u20092:00\u202fPM']",84.5
ChIJlWw_zh61RIYRDFtEZC9fHu0,Mtiv Fitness | Austin,"809 S Lamar Blvd Suite K, Austin, TX 78704, United States",30.2569873,-97.7604248,4.9,97.0,78704,"['Monday: 6:00\u202fAM\u2009\u20098:00\u202fPM', 'Tuesday: 6:00\u202fAM\u2009\u20098:00\u202fPM', 'Wednesday: 6:00\u202fAM\u2009\u20098:00\u202fPM', 'Thursday: 6:00\u202fAM\u2009\u20098:00\u202fPM', 'Friday: 6:00\u202fAM\u2009\u20091:30\u202fPM', 'Saturday: 8:30\u202fAM\u2009\u20091:00\u202fPM', 'Sunday: 8:30\u202fAM\u2009\u200912:00\u202fPM']",83.5
ChIJPwUdGrMwW4YRXsnj4ElLT4A,BodyWise Gym,"2901 Ranch Rd 620 N, Austin, TX 78734, United States",30.3901221,-97.9378575,4.6,48.0,78734,"['Monday: Open 24 hours', 'Tuesday: Open 24 hours', 'Wednesday: Open 24 hours', 'Thursday: Open 24 hours', 'Friday: Open 24 hours', 'Saturday: Open 24 hours', 'Sunday: Open 24 hours']",168.0
ChIJx5kWoq_LRIYRqsKoeyWqfbM,Anytime Fitness,"2525 W Anderson Ln., Austin, TX 78757, United States",30.3545437,-97.7331375,3.9,86.0,78757,"['Monday: Open 24 hours', 'Tuesday: Open 24 hours', 'Wednesday: Open 24 hours', 'Thursday: Open 24 hours', 'Friday: Open 24 hours', 'Saturday: Open 24 hours', 'Sunday: Open 24 hours']",168.0
ChIJb_W2cRrLRIYR1k6UEQzlAFw,Starting Strength Austin,"2943 W Anderson Ln., Austin, TX 78757, United States",30.35944109999999,-97.739049,4.9,48.0,78757,"['Monday: 6:00\u202fAM\u2009\u20099:00\u202fPM', 'Tuesday: 6:00\u202fAM\u2009\u20099:00\u202fPM', 'Wednesday: 6:00\u202fAM\u2009\u20099:00\u202fPM', 'Thursday: 6:00\u202fAM\u2009\u20099:00\u202fPM', 'Friday: 6:00\u202fAM\u2009\u20099:00\u202fPM', 'Saturday: 9:00\u202fAM\u2009\u20093:30\u202fPM', 'Sunday: 10:30\u202fAM\u2009\u200912:00\u202fPM']",95.0
ChIJo7iYfHe1RIYR-mY_06tLN50,Empower House Kickboxing + Fitness,"5540 N Lamar Blvd B, Austin, TX 78756, United States",30.3246588,-97.7287105,5.0,159.0,78756,"['Monday: 6:45\u202fAM\u2009\u20091:00\u202fPM, 3:30\u2009\u20098:00\u202fPM', 'Tuesday: 6:45\u202fAM\u2009\u20091:00\u202fPM, 3:30\u2009\u20098:00\u202fPM', 'Wednesday: 6:45\u202fAM\u2009\u20091:00\u202fPM, 3:30\u2009\u20098:00\u202fPM', 'Thursday: 6:45\u202fAM\u2009\u20091:00\u202fPM, 3:30\u2009\u20098:00\u202fPM', 'Friday: 6:30\u202fAM\u2009\u20091:00\u202fPM, 3:30\u2009\u20097:00\u202fPM', 'Saturday: 8:30\u202fAM\u2009\u20091:00\u202fPM', 'Sunday: 8:30\u202fAM\u2009\u20091:00\u202fPM, 4:00\u2009\u20096:00\u202fPM']",64.0
ChIJHZsvqQi1RIYRJ7YP4AAdSBo,RIDE,"117 Lavaca St, Austin, TX 78701, United States",30.2645444,-97.7465503,4.7,96.0,78701,"['Monday: 5:30\u202fAM\u2009\u20091:00\u202fPM, 4:00\u2009\u20099:00\u202fPM', 'Tuesday: 5:30\u202fAM\u2009\u20091:00\u202fPM, 5:00\u2009\u20099:00\u202fPM', 'Wednesday: 5:30\u202fAM\u2009\u20091:00\u202fPM, 4:00\u2009\u20098:00\u202fPM', 'Thursday: 5:30\u202fAM\u2009\u20091:00\u202fPM, 5:00\u2009\u20099:00\u202fPM', 'Friday: 5:30\u202fAM\u2009\u20091:00\u202fPM, 5:00\u2009\u20097:30\u202fPM', 'Saturday: 8:00\u202fAM\u2009\u20091:30\u202fPM', 'Sunday: 8:00\u202fAM\u2009\u200912:30\u202fPM, 3:30\u2009\u20095:15\u202fPM']",80.75
ChIJ7YydDH3MRIYRW04GcSpT4WU,Life Time,"4210 W Braker Ln, Austin, TX 78759, United States",30.400091,-97.7399303,4.3,275.0,78759,"['Monday: 5:00\u202fAM\u2009\u200910:00\u202fPM', 'Tuesday: 5:00\u202fAM\u2009\u200910:00\u202fPM', 'Wednesday: 5:00\u202fAM\u2009\u200910:00\u202fPM', 'Thursday: 5:00\u202fAM\u2009\u200910:00\u202fPM', 'Friday: 5:00\u202fAM\u2009\u200910:00\u202fPM', 'Saturday: 6:00\u202fAM\u2009\u20097:00\u202fPM', 'Sunday: 6:00\u202fAM\u2009\u20097:00\u202fPM']",111.0
ChIJUyvJpsvLRIYRPYQMVr3Y-n4,Planet Fitness,"1100 W Anderson Ln., Austin, TX 78757, United States",30.34997299999999,-97.7161149,4.2,1084.0,78757,"['Monday: Open 24 hours', 'Tuesday: Open 24 hours', 'Wednesday: Open 24 hours', 'Thursday: Open 24 hours', 'Friday: Open 24 hours', 'Saturday: Open 24 hours', 'Sunday: Open 24 hours']",168.0
ChIJEb-SbMu1RIYRgHGXE3ghZD8,Liberation Barbell Club,"3900 Drossett Dr Suite A, Austin, TX 78744, United States",30.2115576,-97.7320973,4.9,56.0,78744,"['Monday: 6:00\u2009\u20099:00\u202fAM, 3:00\u2009\u20098:00\u202fPM', 'Tuesday: 6:00\u2009\u20099:00\u202fAM, 3:00\u2009\u20098:00\u202fPM', 'Wednesday: 6:00\u2009\u20099:00\u202fAM, 3:00\u2009\u20098:00\u202fPM', 'Thursday: 6:00\u2009\u20099:00\u202fAM, 3:00\u2009\u20098:00\u202fPM', 'Friday: 6:00\u2009\u20099:00\u202fAM, 3:00\u2009\u20098:00\u202fPM', 'Saturday: 10:00\u202fAM\u2009\u20093:00\u202fPM', 'Sunday: Closed']",45.0
ChIJ0_Z0a362RIYRCufFMGu6hI4,Atomic Athlete,"3907 Warehouse Row, Austin, TX 78704, United States",30.2221905,-97.756855,4.9,208.0,78704,"['Monday: 5:00\u202fAM\u2009\u200911:00\u202fPM', 'Tuesday: 5:00\u202fAM\u2009\u200911:00\u202fPM', 'Wednesday: 5:00\u202fAM\u2009\u200911:00\u202fPM', 'Thursday: 5:00\u202fAM\u2009\u200911:00\u202fPM', 'Friday: 5:00\u202fAM\u2009\u200911:00\u202fPM', 'Saturday: 5:00\u202fAM\u2009\u200911:00\u202fPM', 'Sunday: 5:00\u202fAM\u2009\u200911:00\u202fPM']",126.0
ChIJg7z_xN4sDogR9Pj1oXPFgyg,Athletic Outcomes,"2301-A E Riverside Dr #50, Austin, TX 78741, United States",30.2357965,-97.7264765,4.9,101.0,78741,"['Monday: 6:00\u202fAM\u2009\u20097:00\u202fPM', 'Tuesday: 6:00\u202fAM\u2009\u20097:00\u202fPM', 'Wednesday: 6:00\u202fAM\u2009\u20097:00\u202fPM', 'Thursday: 6:00\u202fAM\u2009\u20097:00\u202fPM', 'Friday: 6:00\u202fAM\u2009\u20096:00\u202fPM', 'Saturday: 8:00\u202fAM\u2009\u200912:00\u202fPM', 'Sunday: 8:00\u202fAM\u2009\u200912:00\u202fPM']",96.0
ChIJLQk80NJJW4YRY6sIM8peSrw,Los Campeones Gym,"9811 Vikki Terrace, Austin, TX 78736, United States",30.2324123,-97.9264735,4.8,48.0,78736,"['Monday: 5:00\u202fAM\u2009\u200911:00\u202fPM', 'Tuesday: 5:00\u202fAM\u2009\u200911:00\u202fPM', 'Wednesday: 5:00\u202fAM\u2009\u200911:00\u202fPM', 'Thursday: 5:00\u202fAM\u2009\u200911:00\u202fPM', 'Friday: 5:00\u202fAM\u2009\u200911:00\u202fPM', 'Saturday: 7:00\u202fAM\u2009\u200910:00\u202fPM', 'Sunday: 7:00\u202fAM\u2009\u200910:00\u202fPM']",120.0
ChIJadpAaPi1RIYRP0B2GlO_2Hw,TrainLifeFit,"4646 Mueller Blvd #1048, Austin, TX 78723, United States",30.3001821,-97.7065946,5.0,34.0,78723,"['Monday: 5:30\u202fAM\u2009\u20098:00\u202fPM', 'Tuesday: 5:30\u202fAM\u2009\u20098:00\u202fPM', 'Wednesday: 5:30\u202fAM\u2009\u20098:00\u202fPM', 'Thursday: 5:30\u202fAM\u2009\u20098:00\u202fPM', 'Friday: 5:30\u202fAM\u2009\u20098:00\u202fPM', 'Saturday: 8:00\u202fAM\u2009\u20094:00\u202fPM', 'Sunday: Closed']",80.5
ChIJ0W3ROJq1RIYRjqR1CQfApLg,Texas Fitness Institute,"2109 San Jacinto Blvd, Austin, TX 78712, United States",30.2836071,-97.7337098,4.6,8.0,78712,"['Monday: 8:00\u202fAM\u2009\u20095:00\u202fPM', 'Tuesday: 8:00\u202fAM\u2009\u20095:00\u202fPM', 'Wednesday: 8:00\u202fAM\u2009\u20095:00\u202fPM', 'Thursday: 8:00\u202fAM\u2009\u20095:00\u202fPM', 'Friday: 8:00\u202fAM\u2009\u20095:00\u202fPM', 'Saturday: Closed', 'Sunday: Closed']",45.0
ChIJpbe-QD_NRIYRVMeYPlDz18g,Anytime Fitness,"8516 Anderson Mill Rd, Austin, TX 78729, United States",30.4564683,-97.7672197,4.7,89.0,78729,"['Monday: Open 24 hours', 'Tuesday: Open 24 hours', 'Wednesday: Open 24 hours', 'Thursday: Open 24 hours', 'Friday: Open 24 hours', 'Saturday: Open 24 hours', 'Sunday: Open 24 hours']",168.0
ChIJEerWlOS3RIYRTy3Dw-NkM5k,Squatch Frontier Fitness,"701 Tillery St, Austin, TX 78702, United States",30.2607807,-97.7034835,4.8,34.0,78702,"['Monday: 8:00\u202fAM\u2009\u20098:00\u202fPM', 'Tuesday: 8:00\u202fAM\u2009\u20098:00\u202fPM', 'Wednesday: 8:00\u202fAM\u2009\u20098:00\u202fPM', 'Thursday: 8:00\u202fAM\u2009\u20098:00\u202fPM', 'Friday: 8:00\u202fAM\u2009\u20098:00\u202fPM', 'Saturday: 8:00\u202fAM\u2009\u20098:00\u202fPM', 'Sunday: 8:00\u202fAM\u2009\u20098:00\u202fPM']",84.0
ChIJ_dZIWhG1RIYROzIz44xxA1g,Townlake YMCA,"1100 W Cesar Chavez St, Austin, TX 78703, United States",30.2688109,-97.7571328,4.7,932.0,78703,"['Monday: 5:30\u202fAM\u2009\u20099:00\u202fPM', 'Tuesday: 5:30\u202fAM\u2009\u20099:00\u202fPM', 'Wednesday: 5:30\u202fAM\u2009\u20099:00\u202fPM', 'Thursday: 5:30\u202fAM\u2009\u20099:00\u202fPM', 'Friday: 5:30\u202fAM\u2009\u20098:00\u202fPM', 'Saturday: 8:00\u202fAM\u2009\u20097:00\u202fPM', 'Sunday: 12:00\u2009\u20096:00\u202fPM']",93.5
ChIJvQwzuAm1RIYRmzCY53POdFE,Gold's Gym Austin Downtown,"115 E 6th St, Austin, TX 78701, United States",30.2673606,-97.7419662,3.7,314.0,78701,"['Monday: 5:00\u202fAM\u2009\u200911:00\u202fPM', 'Tuesday: 5:00\u202fAM\u2009\u200911:00\u202fPM', 'Wednesday: 5:00\u202fAM\u2009\u200911:00\u202fPM', 'Thursday: 5:00\u202fAM\u2009\u200911:00\u202fPM', 'Friday: 5:00\u202fAM\u2009\u200911:00\u202fPM', 'Saturday: 7:00\u202fAM\u2009\u20099:00\u202fPM', 'Sunday: 7:00\u202fAM\u2009\u20099:00\u202fPM']",118.0
ChIJlzkXFtK1RIYRPejmP7HzlIU,Orangetheory Fitness,"1211 E 5th St., Austin, TX 78702, United States",30.2632107,-97.7305183,4.6,55.0,78702,"['Monday: 5:30\u202fAM\u2009\u20097:30\u202fPM', 'Tuesday: 5:30\u202fAM\u2009\u20097:30\u202fPM', 'Wednesday: 5:30\u202fAM\u2009\u20097:30\u202fPM', 'Thursday: 5:30\u202fAM\u2009\u20096:30\u202fPM', 'Friday: 5:30\u202fAM\u2009\u20096:30\u202fPM', 'Saturday: 5:30\u202fAM\u2009\u20097:30\u202fPM', 'Sunday: 5:30\u202fAM\u2009\u20097:30\u202fPM']",96.0
ChIJMYbJvpDLRIYRFe-MbOlJGxs,Gold's Gym Austin North,"9101 Research Blvd, Austin, TX 78758, United States",30.3750921,-97.7287249,3.8,348.0,78758,"['Monday: 5:00\u202fAM\u2009\u200911:00\u202fPM', 'Tuesday: 5:00\u202fAM\u2009\u200911:00\u202fPM', 'Wednesday: 5:00\u202fAM\u2009\u200911:00\u202fPM', 'Thursday: 5:00\u202fAM\u2009\u200911:00\u202fPM', 'Friday: 5:00\u202fAM\u2009\u200911:00\u202fPM', 'Saturday: 7:00\u202fAM\u2009\u20099:00\u202fPM', 'Sunday: 7:00\u202fAM\u2009\u20099:00\u202fPM']",118.0
ChIJ061fnrdLW4YRqOo8uj88Je4,Evolve Personal Fitness & Gym,"5716 W US Hwy 290 Service Rd, Austin, TX 78735, United States",30.2369076,-97.8473133,5.0,21.0,78735,"['Monday: 6:00\u202fAM\u2009\u20099:00\u202fPM', 'Tuesday: 6:00\u202fAM\u2009\u20099:00\u202fPM', 'Wednesday: 6:00\u202fAM\u2009\u20099:00\u202fPM', 'Thursday: 6:00\u202fAM\u2009\u20099:00\u202fPM', 'Friday: 6:00\u202fAM\u2009\u20099:00\u202fPM', 'Saturday: 6:00\u202fAM\u2009\u20098:00\u202fPM', 'Sunday: 12:00\u2009\u20098:00\u202fPM']",97.0
ChIJz7WqZx-1RIYRFHnL5ouwkB0,Orangetheory Fitness,"1100 S Lamar Blvd, Austin, TX 78704, United States",30.2551897,-97.7622306,4.6,165.0,78704,"['Monday: 5:00\u202fAM\u2009\u20098:00\u202fPM', 'Tuesday: 5:00\u202fAM\u2009\u20098:00\u202fPM', 'Wednesday: 5:00\u202fAM\u2009\u20098:00\u202fPM', 'Thursday: 5:00\u202fAM\u2009\u20098:00\u202fPM', 'Friday: 5:00\u202fAM\u2009\u20098:00\u202fPM', 'Saturday: 7:30\u202fAM\u2009\u20092:00\u202fPM', 'Sunday: 7:30\u202fAM\u2009\u20092:00\u202fPM']",88.0
ChIJ3xftpaDKRIYRMeDSPTy7Tso,MOVE Austin Fitness,"2414 Exposition Blvd #110, Austin, TX 78703, United States",30.297688,-97.767964,5.0,11.0,78703,"['Monday: 5:15\u202fAM\u2009\u20097:30\u202fPM', 'Tuesday: 5:15\u202fAM\u2009\u20097:30\u202fPM', 'Wednesday: 5:15\u202fAM\u2009\u20097:30\u202fPM', 'Thursday: 5:15\u202fAM\u2009\u20097:30\u202fPM', 'Friday: 5:15\u202fAM\u2009\u20097:30\u202fPM', 'Saturday: 8:30\u2009\u200911:30\u202fAM', 'Sunday: Closed']",74.25
ChIJzZIYof3NRIYRfXtBPLhXYgg,Planet Fitness,"12611 N Mopac Expy, Austin, TX 78727, United States",30.4217935,-97.7003225,4.6,523.0,12611,"['Monday: Open 24 hours', 'Tuesday: Open 24 hours', 'Wednesday: Open 24 hours', 'Thursday: Open 24 hours', 'Friday: 12:00\u202fAM\u2009\u200910:00\u202fPM', 'Saturday: 7:00\u202fAM\u2009\u20099:00\u202fPM', 'Sunday: 7:00\u202fAM\u2009\u20099:00\u202fPM']",134.0
ChIJrZvGi8nORIYRcUMRCCHQjC8,Orangetheory Fitness,"12314 N Interstate Hwy 35 #105, Austin, TX 78753, United States",30.4004587,-97.6749972,4.7,175.0,12314,"['Monday: 5:00\u202fAM\u2009\u20096:45\u202fPM', 'Tuesday: 5:00\u202fAM\u2009\u20096:45\u202fPM', 'Wednesday: 5:00\u202fAM\u2009\u20096:45\u202fPM', 'Thursday: 5:00\u202fAM\u2009\u20096:45\u202fPM', 'Friday: 5:00\u202fAM\u2009\u20096:45\u202fPM', 'Saturday: 7:00\u202fAM\u2009\u200912:00\u202fPM', 'Sunday: 7:00\u202fAM\u2009\u200912:00\u202fPM']",102.75
ChIJTwUPg-szW4YRDJHSPrZFL5Y,Anytime Fitness,"6911 N FM 620, Austin, TX 78732, United States",30.4018248,-97.8541431,3.8,64.0,78732,"['Monday: Open 24 hours', 'Tuesday: Open 24 hours', 'Wednesday: Open 24 hours', 'Thursday: Open 24 hours', 'Friday: Open 24 hours', 'Saturday: Open 24 hours', 'Sunday: Open 24 hours']",168.0
ChIJ3XutETbKRIYR_a7M7qzGwUA,Kilter Fitness,"5400 N Lamar Blvd, Austin, TX 78751, United States",30.3225058,-97.7289824,5.0,12.0,78751,"['Monday: 6:00\u202fAM\u2009\u20096:00\u202fPM', 'Tuesday: 6:00\u202fAM\u2009\u20096:00\u202fPM', 'Wednesday: 6:00\u202fAM\u2009\u20096:00\u202fPM', 'Thursday: 6:00\u202fAM\u2009\u20096:00\u202fPM', 'Friday: 6:00\u202fAM\u2009\u20096:00\u202fPM', 'Saturday: Closed', 'Sunday: Closed']",60.0
ChIJR-xAPITMRIYRm2M3q5FUlwI,24 Hour Fitness,"10616 Research Blvd, Austin, TX 78759, United States",30.3974276,-97.7478665,3.4,351.0,10616,"['Monday: 5:00\u202fAM\u2009\u200910:00\u202fPM', 'Tuesday: 5:00\u202fAM\u2009\u200910:00\u202fPM', 'Wednesday: 5:00\u202fAM\u2009\u200910:00\u202fPM', 'Thursday: 5:00\u202fAM\u2009\u200910:00\u202fPM', 'Friday: 5:00\u202fAM\u2009\u20099:00\u202fPM', 'Saturday: 6:00\u202fAM\u2009\u20098:00\u202fPM', 'Sunday: 6:00\u202fAM\u2009\u20098:00\u202fPM']",112.0
ChIJz1Dktqi1RIYRRr2IPuz0eY8,CrossFit Central Downtown,"410 Pressler St, Austin, TX 78703, United States",30.272307,-97.761403,4.8,74.0,78703,"['Monday: 5:15\u202fAM\u2009\u20096:30\u202fPM', 'Tuesday: 5:15\u202fAM\u2009\u20096:30\u202fPM', 'Wednesday: 5:15\u202fAM\u2009\u20096:30\u202fPM', 'Thursday: 5:15\u202fAM\u2009\u20095:30\u202fPM', 'Friday: 5:15\u202fAM\u2009\u20095:30\u202fPM', 'Saturday: 9:00\u202fAM\u2009\u200912:00\u202fPM', 'Sunday: Closed']",79.25
ChIJe_Eb3H_NRIYRkKtd_qO5sR4,Life Time,"13725 Ranch Rd 620 N, Austin, TX 78717, United States",30.4725313,-97.7741003,4.0,446.0,13725,"['Monday: 4:00\u202fAM\u2009\u200912:00\u202fAM', 'Tuesday: 4:00\u202fAM\u2009\u200912:00\u202fAM', 'Wednesday: 4:00\u202fAM\u2009\u200912:00\u202fAM', 'Thursday: 4:00\u202fAM\u2009\u200912:00\u202fAM', 'Friday: 4:00\u202fAM\u2009\u200912:00\u202fAM', 'Saturday: 5:00\u202fAM\u2009\u200912:00\u202fAM', 'Sunday: 5:00\u202fAM\u2009\u200912:00\u202fAM']",54.0
